product_id,product_name,category,price
1,Parachute Hair Oil,Health & Beauty,90.0
2,Dettol Handwash,Health & Hygiene,120.0
3,Britannia Biscuits,Food,35.0
4,Amul Butter,Dairy,50.0
5,Maggi Noodles,Food,15.0
6,Colgate Toothpaste,Health & Hygiene,40.0
7,Surf Excel Detergent,Cleaning,180.0
8,Unknown,Food,20.0
9,Cheese ,DAIRY,50.0
10,Maggi,NotAvailable,15.0
11,Invalid Price Product,Misc,0.0
